{"stats":{"minecraft:dropped":{"minecraft:jungle_sapling":1,"minecraft:melon_slice":10},"minecraft:mined":{"ecologics:coconut_log":1},"minecraft:picked_up":{"minecraft:rotten_flesh":2,"ecologics:coconut_slice":6,"ecologics:coconut_log":2,"minecraft:sand":23,"minecraft:jungle_sapling":1,"minecraft:melon_slice":10},"minecraft:used":{"ecologics:coconut_slice":4},"minecraft:killed":{"minecraft:zombie":1},"minecraft:custom":{"minecraft:time_since_rest":9147,"minecraft:crouch_one_cm":73,"minecraft:play_time":9147,"minecraft:sprint_one_cm":9940,"minecraft:damage_taken":90,"minecraft:walk_one_cm":38573,"minecraft:sneak_time":8,"minecraft:mob_kills":1,"minecraft:drop":2,"minecraft:jump":85,"minecraft:damage_dealt":152,"minecraft:time_since_death":9147,"minecraft:total_world_time":9147,"minecraft:fall_one_cm":2200,"minecraft:fly_one_cm":3700}},"DataVersion":3465}