{"stats":{"minecraft:custom":{"minecraft:time_since_rest":11464,"minecraft:open_chest":8,"minecraft:crouch_one_cm":183,"minecraft:play_time":17627,"minecraft:sprint_one_cm":10370,"minecraft:damage_taken":130,"minecraft:walk_one_cm":142163,"minecraft:sneak_time":391,"minecraft:mob_kills":1,"minecraft:jump":90,"minecraft:eat_cake_slice":2,"minecraft:damage_dealt":115,"minecraft:time_since_death":17627,"minecraft:walk_on_water_one_cm":147,"minecraft:sleep_in_bed":1,"minecraft:total_world_time":17627,"minecraft:fall_one_cm":4569,"minecraft:fly_one_cm":1216},"minecraft:mined":{"minecraft:grass":12,"minecraft:grass_block":1,"minecraft:tall_grass":9},"minecraft:picked_up":{"minecraft:rotten_flesh":1,"minecraft:wheat_seeds":2,"minecraft:dirt":1},"minecraft:used":{"minecraft:bread":2}},"DataVersion":3465}