{"stats":{"minecraft:custom":{"minecraft:time_since_rest":9497,"minecraft:open_chest":10,"minecraft:crouch_one_cm":867,"minecraft:play_time":29627,"minecraft:sprint_one_cm":26991,"minecraft:damage_taken":160,"minecraft:walk_one_cm":219964,"minecraft:sneak_time":509,"minecraft:mob_kills":1,"minecraft:jump":210,"minecraft:eat_cake_slice":2,"minecraft:damage_dealt":115,"minecraft:time_since_death":29627,"minecraft:walk_on_water_one_cm":210,"minecraft:sleep_in_bed":2,"minecraft:total_world_time":29627,"minecraft:interact_with_crafting_table":1,"minecraft:fall_one_cm":7294,"minecraft:fly_one_cm":21235},"minecraft:crafted":{"minecraft:iron_axe":1,"minecraft:iron_pickaxe":1},"minecraft:mined":{"minecraft:grass":40,"minecraft:grass_block":1,"minecraft:dirt_path":2,"minecraft:dirt":1,"minecraft:wheat":29,"minecraft:tall_grass":20},"minecraft:picked_up":{"minecraft:wheat":29,"minecraft:rotten_flesh":1,"minecraft:wheat_seeds":83,"minecraft:dirt":4},"minecraft:used":{"minecraft:wheat_seeds":14,"minecraft:bread":4}},"DataVersion":3465}