{"stats":{"minecraft:mined":{"ecologics:coconut_log":3,"minecraft:sand":6},"minecraft:used":{"ecologics:coconut_slice":6,"minecraft:melon_slice":4},"minecraft:picked_up":{"ecologics:coconut_log":1,"ecologics:coconut_slice":6,"minecraft:melon_slice":10},"minecraft:custom":{"minecraft:jump":113,"minecraft:time_since_rest":12333,"minecraft:crouch_one_cm":350,"minecraft:damage_dealt":53,"minecraft:leave_game":1,"minecraft:play_time":12333,"minecraft:sprint_one_cm":13471,"minecraft:damage_taken":286,"minecraft:time_since_death":12333,"minecraft:walk_one_cm":54405,"minecraft:sneak_time":103,"minecraft:total_world_time":12333,"minecraft:fall_one_cm":2148,"minecraft:fly_one_cm":18315}},"DataVersion":3465}