{"stats":{"minecraft:custom":{"minecraft:time_since_rest":9497,"minecraft:open_chest":10,"minecraft:interact_with_smithing_table":1,"minecraft:waystone_activated":1,"minecraft:crouch_one_cm":5385,"minecraft:sprint_one_cm":38640,"minecraft:play_time":37988,"minecraft:damage_taken":304,"minecraft:walk_one_cm":144447,"minecraft:bell_ring":3,"minecraft:sneak_time":1387,"minecraft:walk_under_water_one_cm":88,"minecraft:mob_kills":1,"minecraft:drop":3,"minecraft:jump":352,"minecraft:eat_cake_slice":1,"minecraft:damage_dealt":168,"minecraft:leave_game":2,"minecraft:time_since_death":37988,"minecraft:walk_on_water_one_cm":1203,"minecraft:sleep_in_bed":2,"minecraft:total_world_time":37988,"minecraft:swim_one_cm":4732,"minecraft:fly_one_cm":55037,"minecraft:fall_one_cm":6683},"minecraft:mined":{"minecraft:grass":15},"minecraft:picked_up":{"minecraft:experience_bottle":1,"minecraft:wheat_seeds":3,"minecraft:enchanted_book":1,"minecraft:cobblestone":3},"minecraft:dropped":{"minecraft:bread":3},"minecraft:killed":{"enemyexpansion:direwolf":1},"minecraft:used":{"minecraft:tall_grass":2,"minecraft:bread":7,"minecraft:acacia_sapling":1,"minecraft:golden_chestplate":1,"minecraft:grass":1,"minecraft:experience_bottle":1}},"DataVersion":3465}