{"stats":{"minecraft:custom":{"minecraft:time_since_rest":11464,"minecraft:open_chest":7,"minecraft:crouch_one_cm":5083,"minecraft:sprint_one_cm":16746,"minecraft:play_time":25988,"minecraft:damage_taken":304,"minecraft:walk_one_cm":114911,"minecraft:sneak_time":1313,"minecraft:walk_under_water_one_cm":88,"minecraft:mob_kills":1,"minecraft:drop":3,"minecraft:jump":207,"minecraft:eat_cake_slice":1,"minecraft:damage_dealt":168,"minecraft:leave_game":2,"minecraft:time_since_death":25988,"minecraft:walk_on_water_one_cm":781,"minecraft:sleep_in_bed":1,"minecraft:total_world_time":25988,"minecraft:swim_one_cm":4732,"minecraft:fly_one_cm":24306,"minecraft:fall_one_cm":3790},"minecraft:mined":{"minecraft:grass":1},"minecraft:picked_up":{"minecraft:experience_bottle":1,"minecraft:enchanted_book":1,"minecraft:cobblestone":3},"minecraft:dropped":{"minecraft:bread":3},"minecraft:killed":{"enemyexpansion:direwolf":1},"minecraft:used":{"minecraft:tall_grass":2,"minecraft:bread":6,"minecraft:acacia_sapling":1,"minecraft:golden_chestplate":1,"minecraft:grass":1,"minecraft:experience_bottle":1}},"DataVersion":3465}