{"stats":{"minecraft:crafted":{"minecraft:crafting_table":1,"minecraft:stick":4,"minecraft:wooden_pickaxe":1,"minecraft:jungle_planks":28,"minecraft:stone_pickaxe":1},"minecraft:dropped":{"minecraft:melon_slice":10},"minecraft:used":{"minecraft:crafting_table":1,"minecraft:melon_slice":5,"minecraft:stone_pickaxe":38,"minecraft:wooden_pickaxe":8},"minecraft:picked_up":{"minecraft:stick":2,"minecraft:raw_iron":23,"minecraft:jungle_log":7,"minecraft:flint":1,"minecraft:jungle_sapling":1,"minecraft:melon_slice":25,"minecraft:coal":151,"minecraft:cobblestone":13},"minecraft:mined":{"minecraft:grass":1,"minecraft:coal_ore":21,"minecraft:melon":4,"minecraft:vine":1,"minecraft:jungle_log":7,"minecraft:gravel":1,"minecraft:iron_ore":5,"minecraft:stone":13,"minecraft:fern":2},"minecraft:custom":{"minecraft:time_since_rest":15053,"minecraft:crouch_one_cm":86,"minecraft:play_time":15053,"minecraft:sprint_one_cm":41133,"minecraft:damage_taken":10,"minecraft:walk_one_cm":64409,"minecraft:sneak_time":11,"minecraft:drop":10,"minecraft:jump":221,"minecraft:time_since_death":15053,"minecraft:climb_one_cm":181,"minecraft:total_world_time":15053,"minecraft:fly_one_cm":26988,"minecraft:interact_with_crafting_table":3,"minecraft:fall_one_cm":1314}},"DataVersion":3465}