{"stats":{"minecraft:custom":{"minecraft:time_since_rest":9497,"minecraft:waystone_activated":1,"minecraft:interact_with_furnace":6,"minecraft:sprint_one_cm":75348,"minecraft:damage_taken":280,"minecraft:walk_one_cm":194718,"minecraft:mob_kills":1,"minecraft:damage_dealt":66,"minecraft:talked_to_villager":4,"minecraft:swim_one_cm":4536,"minecraft:interact_with_crafting_table":4,"minecraft:fly_one_cm":24494,"minecraft:open_chest":4,"minecraft:crouch_one_cm":269,"minecraft:play_time":34589,"minecraft:sneak_time":122,"minecraft:walk_under_water_one_cm":285,"minecraft:jump":305,"minecraft:walk_on_water_one_cm":1482,"minecraft:time_since_death":34589,"minecraft:sleep_in_bed":2,"minecraft:total_world_time":34589,"minecraft:fall_one_cm":5663},"minecraft:crafted":{"minecraft:oak_planks":20,"minecraft:cooked_porkchop":2,"minecraft:crafting_table":1,"minecraft:stick":4,"minecraft:wooden_pickaxe":1,"minecraft:stone_pickaxe":1,"minecraft:air":0},"minecraft:mined":{"minecraft:iron_ore":2,"minecraft:crafting_table":1,"minecraft:oak_log":5,"minecraft:grass_block":14,"minecraft:coal_ore":8,"minecraft:dirt":16,"minecraft:stone":12,"minecraft:oak_leaves":1},"minecraft:picked_up":{"minecraft:crafting_table":1,"minecraft:raw_iron":3,"minecraft:porkchop":2,"minecraft:oak_log":5,"minecraft:carrot":1,"minecraft:dirt":32,"minecraft:rotten_flesh":1,"minecraft:wheat_seeds":1,"minecraft:bread":3,"supplementaries:ash":1,"minecraft:coal":99,"minecraft:cobblestone":12},"minecraft:killed":{"minecraft:zombie":1},"minecraft:used":{"minecraft:wheat_seeds":1,"minecraft:bread":3,"minecraft:stone_pickaxe":18,"minecraft:wooden_pickaxe":12,"minecraft:cobblestone":2,"minecraft:crafting_table":1,"minecraft:cooked_porkchop":2}},"DataVersion":3465}