{"stats":{"minecraft:custom":{"minecraft:open_chest":3,"minecraft:time_since_rest":11464,"minecraft:play_time":22589,"minecraft:interact_with_furnace":5,"minecraft:sprint_one_cm":34492,"minecraft:damage_taken":185,"minecraft:walk_one_cm":123884,"minecraft:walk_under_water_one_cm":130,"minecraft:jump":181,"minecraft:time_since_death":22589,"minecraft:walk_on_water_one_cm":1307,"minecraft:sleep_in_bed":1,"minecraft:total_world_time":22589,"minecraft:swim_one_cm":3533,"minecraft:talked_to_villager":4,"minecraft:fall_one_cm":4154,"minecraft:fly_one_cm":13180},"minecraft:crafted":{"minecraft:cooked_porkchop":2,"minecraft:air":0},"minecraft:mined":{"minecraft:grass_block":13,"minecraft:dirt":15},"minecraft:picked_up":{"minecraft:wheat_seeds":1,"minecraft:porkchop":2,"minecraft:bread":3,"minecraft:dirt":28},"minecraft:used":{"minecraft:wheat_seeds":1,"minecraft:cooked_porkchop":1,"minecraft:bread":3}},"DataVersion":3465}