{
  "minecraft:recipes/decorations/crafting_table": {
    "criteria": {
      "unlock_right_away": "2024-10-22 21:45:53 +0000"
    },
    "done": true
  },
  "minecraft:adventure/adventuring_time": {
    "criteria": {
      "minecraft:savanna_plateau": "2024-10-22 21:51:56 +0000",
      "minecraft:forest": "2024-10-22 21:45:54 +0000",
      "minecraft:savanna": "2024-10-22 21:53:11 +0000",
      "minecraft:plains": "2024-10-22 21:46:19 +0000"
    },
    "done": false
  },
  "DataVersion": 3465
}